"Post ID","Page ID","Page name",Title,Description,"Duration (sec)","Publish time","Caption type",Permalink,"Is crosspost","Is share","Post type",Languages,"Custom labels","Funded content status","Data comment",Date,IMPRESSION:UNIQUE_USERS,Reach,Impressions,"Reactions, Comments and Shares",Reactions,Comments,Shares,"Total clicks","Matched Audience Targeting Consumption (Photo Click)","Other Clicks","Link Clicks","Negative feedback from users: Hide all"
1142979803545328,108912897259781,"Психічне здоров'я для України",,"‼️ UPD: Друзі, через непередбачувані обставини ми змушені перенести наш прямий ефір. 

Зустрінемося в суботу об 11.00. Також ефір буде доступний у записі. Перепрошуємо за незручності. 

Втрата під час війни — виклик, який вимагає навичок підтримки одне одного. Особливо важко жити, коли доля близької людини невідома.  

🇺🇦🇨🇭 Українсько-швейцарський проєкт “Психічне здоров’я для України” проведе прямий ефір на тему невизначеної втрати. Будемо говорити про те, як допомогти тим, чиї близькі зникли безвісти та про групи підтримки для родин військовослужбовців. 

👨‍🔬 Ділитися досвідом та відповідати на ваші питання будуть представниці ГО МЕТТА, психотерапевтки Юлія Стадницька та Олена Муха. “Жити чекаючи” – проєкт комплексної психосоціальної підтримки та супроводу родин, що проживають невизначену втрату, який громадська організація втілює на Львівщині за підтримки MH4U.

📅 Запрошуємо на розмову 19 грудня о 19:00 в прямому ефірі на нашому Youtube-каналі.

Обіцяємо тепле та довірливе спілкування. 

Реєструйтеся на захід за посиланням у коментарях 👇

Проєкт «Психічне здоров'я для України» реалізується за підтримки Embassy of Switzerland in Ukraine / Посольство Швейцарії в Україні",0,"12/12/2023 01:12",N/A,https://www.facebook.com/MH4Ukraine/posts/pfbid0dFcUpveeKfQfrFHR8P6qYmHi49ZZvLkxXgqMPn8991r1D9K5VCx4Ht2Ypcxp967dl,0,0,Photo,,,,,Lifetime,,5969,6970,309,236,9,64,142,32,110,,
1207431990433442,108912897259781,"Психічне здоров'я для України",,"🧐 Чого прагне моя дитина і як використати ці знання?

☝🏻 У кожному віковому періоді є поняття базової потреби. Це основа для побудови ставлення дитини до світу. 

👶 У віці до 1 року важливим є тілесний та емоційний контакти з мамою або людиною, яка її заміняє. Це формує довіру до світу і впливає на весь подальший розвиток дитини. 

👧 З року до трьох важливою є присутність тата чи мами протилежної статі, адже у цьому віці кристалізується самосвідомість (у тому числі статева). Період із чотирьох років до шести або семи психологи називають дошкільним. Важливою стає гра. Саме вона має бути фундаментом всього, що ви хочете навчити дитину – прибиранню, вивченню літер чи цифр. 

👩‍🏫 У молодшій школі вкрай важливою є особа дорослого поруч, тому перша вчителька може як допомогти дитині вірити в себе, так і сформувати шкільний невроз. 

👥 Підліток стоїть окремо, бо має ознаки як дорослого, так і дитини. Його базова потреба звучить як приналежність до групи інших дітей. Тому ображатися на дитину чи звинувачувати її в тому, що вона хоче проводити час з однолітками не варто. Це лиш побудує стіну між вами. Те саме стосується і гаджетів, які батьки часто відносять до залежності. Проте у світі постковіду і війни смартфон лишається чи не єдиним способом комунікації дитини з друзями.

☝🏻 Детальніше про дитячо-дорослі стосунки ми будемо розмовляти 6 березня о 19:00 із психологинею Діаною Савенко на нашому YouTube-каналі. 

⬇️ Ви можете потрапити на розмову, зареєструвавшись за посиланням в першому коментарі. Участь безкоштовна. У вас буде можливість поставити свої питання психологині.

Найактивніших глядачів чекають подарунки — безкоштовна індивідуальна консультація від спікерки та нова книга “Батьківство з опорою на прив’язаність” 

Проєкт «Психічне здоров'я для України» реалізується за підтримки Embassy of Switzerland in Ukraine / Посольство Швейцарії в Україні",0,"03/04/2024 08:03",N/A,https://www.facebook.com/MH4Ukraine/posts/pfbid0x8E2gGMjNXfuLQx7tyWYXh8vNDpWdhH12p7N9fEh54yitRkHSHRDfa592E3VVE4ql,0,0,Photo,,,,,Lifetime,,3019,3019,66,48,2,16,38,6,32,,
,,,,,,,,,,,,,,,"An error occurred while computing metadata for content with ID 933528094972880.",Lifetime,51,,,,,,,,,,,
1205224217320886,108912897259781,"Психічне здоров'я для України",,"👨‍👩‍👦 Періодично до психологів приходять батьки із запитом ""моя дитина не слухається..."", або ""раніше все було добре, а тепер щось з дитиною сталося"", ""вона дивно реагує на зауваження"". 

Ми вирішили отримати відповідь на такий запит у дитячої психологині, експертки нашого проєкту Діани Савенко. На картинках - відповіді.",0,"03/01/2024 04:03",N/A,https://www.facebook.com/MH4Ukraine/posts/pfbid0swT8hjajc4s3CMGDF7XJKyg4Zt51J6tmw1TXJyzP1NkCVNApazjJidhPZUF2fYBVl,0,0,Photo,,,,,Lifetime,,3137,3137,88,58,1,29,221,173,48,,
1203875167455791,108912897259781,"Психічне здоров'я для України",,"🤔 Чули про дитячі вікові кризи? Не знаєте, чи поведінка вашої дитини - їх наслідок, чи настав час звернутися за консультацією фахівця? Куди звертатися і як обрати дитячого психолога, якщо допомога таки потрібна? 

🇺🇦🇨🇭Українсько-швейцарський проєкт «Психічне здоров’я для України» продовжує серію прямих ефірів з фахівцями. Цього разу ми будемо говорити із дитячою психологинею про розвиток дитини від народження до 18 років. 

👩‍⚕️ Відповідати на ваші питання в прямому ефірі Діана Савенко – психологиня, розробниця курсів для підлітків, регіональна координаторка швейцарсько-українського проекту MH4U, членкиня Рівненської філії психотерапевтів, мама підлітків.

📆 Зустрічаємося 6 березня о 19:00 в прямому ефірі на нашому Youtube-каналі. Посилання на ефір розмістимо у наших соціальних мережах у день зустрічі.

🔔 Реєструйтеся за посиланням в шапці профілю, щоб отримати нагадування про подію та не проґавити зустріч.

Найактивніших глядачів чекають подарунки — безкоштовна індивідуальна консультація від спікерки та нова книга “Батьківство з опорою на прив’язаність” 

Проєкт «Психічне здоров’я для України» реалізується за підтримки Embassy of Switzerland in Ukraine / Посольство Швейцарії в Україні",0,"02/28/2024 06:02",N/A,https://www.facebook.com/MH4Ukraine/posts/pfbid0BbWrjNdaMmnA485t7b68QiKuQ3hTyviE9gTC299ESwptz6fJaZXtAgZopy3EKWmTl,0,0,Photo,,,,,Lifetime,,2556,2670,141,114,1,26,42,15,27,,
1203870697456238,108912897259781,"Психічне здоров'я для України",,"🤔 Чули про дитячі вікові кризи? Не знаєте, чи поведінка вашої дитини - їх наслідок, чи настав час звернутися за консультацією фахівця? Куди звертатися і як обрати дитячого психолога, якщо допомога таки потрібна? 

🇺🇦🇨🇭Українсько-швейцарський проєкт «Психічне здоров’я для України» продовжує серію прямих ефірів з фахівцями. Цього разу ми будемо говорити із дитячою психологинею про розвиток дитини від народження до 18 років. 

👩‍⚕️ Відповідати на ваші питання в прямому ефірі Діана Савенко – психологиня, розробниця курсів для підлітків, регіональна координаторка швейцарсько-українського проекту MH4U, членкиня Рівненської філії психотерапевтів, мама підлітків.

📆 Зустрічаємося 6 березня о 19:00 в прямому ефірі на нашому Youtube-каналі. Посилання на ефір розмістимо у наших соціальних мережах у день зустрічі.

🔔 Реєструйтеся за посиланням, щоб отримати нагадування про подію та не проґавити зустріч: https://bit.ly/49OCIEH 

Найактивніших глядачів чекають подарунки — безкоштовна індивідуальна консультація від спікерки та нова книга “Батьківство з опорою на прив’язаність” 

Проєкт «Психічне здоров'я для України» реалізується за підтримки Embassy of Switzerland in Ukraine / Посольство Швейцарії в Україні",0,"02/28/2024 06:02",N/A,https://www.facebook.com/MH4Ukraine/posts/pfbid0Zy9gei2o5xuy9hXmm8i8twL3jXw1ccU7FxygQz7gaZvcSRJmobz4YUyHWnXiVAswl,0,0,Photo,,,,,Lifetime,,314343,422911,135,119,0,16,3533,45,830,2658,
1202277634282211,108912897259781,"Психічне здоров'я для України",,"🚀 Сьогодні починається тиждень психічного здоров’я у Вікіпедії!

🙋‍♀️🙋‍♂️Якщо ви спеціаліст чи спеціалістка у сфері психічного здоров’я та вас турбує, що в інтернеті багато неправдивої інформації про психічне здоров’я — ви можете це змінити!

Візьміть участь у Тижні психічного здоров’я та допоможіть наповнити Вікіпедію новими знаннями українською мовою.

Тематичний тиждень проводять ГО «Вікімедіа Україна» та українcько-швейцарський проєкт «Психічне здоров’я для України».

👉 Що можна зробити під час тижня психічного здоров’я? 

Створити нову статтю 
Перекласти існуючу статтю
Доповнити маленьку статтю
Додати джерела в статтю без джерел 

🎉 Для тих, хто вперше буде перекладати статті і не знає, як це правильно робити, 2 березня о 12.00 відбудеться тематичний вебінар:   https://forms.gle/PtHzaCf8adzG11gR8
Активні учасники й учасниці отримають сувеніри від «Вікімедіа Україна» та проєкту «Психічне здоров’я для України».",0,"02/26/2024 04:02",N/A,https://www.facebook.com/MH4Ukraine/posts/pfbid02q8qUEjt9qGoDEwfxsqNxxA66ExFhfJAgNkxhGjt8GBUh3w3wiYkQdJTamuVvRMF9l,0,0,Photo,,,,,Lifetime,,3402,3719,201,158,10,33,83,8,59,16,
1200265704483404,108912897259781,"Психічне здоров'я для України",,"☹️ Проблеми зі сном, слабкість, дратівливість, порушення харчової поведінки, панічні атаки, відсутність сил та енергії — усе це може свідчити про так званий синдром річниці.

Реальність кожного українця змінилася 24 лютого 2022 і з того моменту всі ми проходимо жахливий досвід війни. Синдром або ефект річниці — природній, але дуже непростий етап у переживанні та опрацюванні травматичного досвіду. Реакція людини на річницю може тривати кілька днів або навіть тижнів, і тому дуже важливо розуміти, що саме з нами зараз відбувається і якими методами можна підтримати себе та своїх близьких.

Журналісти видання Громадський простір та психотерапевтка Анна Чиченіна дають поради як пережити річницю. Читайте статтю за посиланням у сторіс ⬇️",0,"02/23/2024 07:02",N/A,https://www.facebook.com/MH4Ukraine/posts/pfbid0WzhymTfZMSkwiFVpYE8zoGMATucTdMiSCC77RdVcrCPAUoUHoaiB4sxFGYWDQKKGl,0,0,Photo,,,,,Lifetime,,1432,1488,29,23,0,6,20,11,9,,
1200263027817005,108912897259781,"Психічне здоров'я для України",,"☹️ Проблеми зі сном, слабкість, дратівливість, порушення харчової поведінки, панічні атаки, відсутність сил та енергії — усе це може свідчити про так званий синдром річниці.

Реальність кожного українця змінилася 24 лютого 2022 і з того моменту всі ми проходимо жахливий досвід війни. Синдром або ефект річниці — природній, але дуже непростий етап у переживанні та опрацюванні травматичного досвіду. Реакція людини на річницю може тривати кілька днів або навіть тижнів, і тому дуже важливо розуміти, що саме з нами зараз відбувається і якими методами можна підтримати себе та своїх близьких.

Журналісти видання Громадський простір та психотерапевтка Анна Чиченіна дають поради як пережити річницю. Читайте статтю за посиланням у першому коментарі під цим дописом ⬇️",0,"02/23/2024 07:02",N/A,https://www.facebook.com/MH4Ukraine/posts/pfbid02CQUVsJGW8F4zEX4VARiAgB9P8bey6EkdjJUZkuQxci19nXcfakow4QFtq1uHfaFal,0,0,Photo,,,,,Lifetime,,2591,2700,74,54,2,18,87,10,77,,
1198840771292564,108912897259781,"Психічне здоров'я для України",,"Якщо через новини ви відчуваєте лише безсилля та зневіру, ось кілька порад, що можуть вам допомогти.

1️⃣ Попіклуйтеся про себе

Коли ви читаєте про трагедію, то можете відчувати бажання щось зробити. Однак, часто не маєте сил на це. І це ок. Перш ніж допомогти комусь, попіклуйтеся про себе. 

Намагайтеся висипатися, їсти збалансовано, пити воду та займатися спортом, якщо це у вас виходить. 

2️⃣ Свідомо споживайте новини

Інформація може як підтримувати, так і викликати відчуття безсилля. Тож ретельно добирайте те, що читаєте та кого дивитеся.

Знаходьте надійні джерела. Шукайте авторитетні ЗМІ, які пишуть факти й посилаються на джерела.
Читайте далі заголовка. Назви статей не завжди правильно відображають інформацію.

3️⃣ Спілкуйтеся з близькими людьми
Вам не обов’язково говорити про новини, але якщо ви це зробите, спробуйте говорити про свої почуття, а не роздумувати про саму трагедію.
Якщо ви відчуваєте, що вам потрібна допомога спеціаліста, зверніться на гарячі лінії підтримки. Посилання ми залишили у коментарях.

4️⃣ Контролюйте те, що можете
Ймовірно, ви відчуваєте безсилля перед тим, що бачите у новинах. Зосередьтеся на тому, що ви можете контролювати та на що можете вплинути. Зробіть пожертву, станьте волонтером, підтримайте петицію. 

5️⃣ Візьміть час на подумати
Дайте собі час, щоб пропрацювати свої емоції та думки стосовно новин. Поставте собі питання:
▪️ Які почуття виникають у мене зараз?
▪️ Що в цих новинах мене зачіпає?
▪️ Як це впливає на мене або на людей, за яких я відповідальний?
▪️ Що мені потрібно в цей момент? Що допоможе мені пережити ці новини?

6️⃣ Керуйте своїми думками
Не дозволяйте негативним думкам затьмарити розум. Якщо вам тривожно, переконайтеся, що ви не потрапили в одну з мисленнєвих пасток. Поставте собі такі питання:

▪️ Катастрофічність: Чи припускаю я лише найгірше про цю ситуацію? Чи перебільшую я цю ситуацію?
▪️ ""А що як..."": Чи намагаюся я передбачити щось невизначене? Чи боюся наслідків, які насправді можуть не відбутися?
▪️ Фільтрування негативу: Чи звертаю я увагу тільки на негативні та болісні новини? Чи ігнорую новини, які виглядають позитивними?

7️⃣ Встановлюйте межі
Вам потрібно знати, коли варто сказати “стоп” потоку новин. Ви маєте подбати про своє психічне здоров'я.

▪️ Створюйте зони без новин. Визначте фізичне місце, де ви не будете читати або дивитися новини. Наприклад, ліжко, де ви лише спите та обідній стіл, за яким ви лише їсте. 
▪️ Блокуйте та вимикайте сповіщення. Блокуйте слова чи фрази, які можуть викликати у вас стрес. Блокуйте людей, які вас дратують і поширюють неправдиву інформацію. Вимкніть сповіщення в новинних каналах та сторінках.
▪️ Встановлюйте обмеження по часу. Вони можуть бути жорсткими (лише 20 хвилин на день) або більш неформальними (лише вранці). Ви можете встановити обмеження на своєму телефоні, які даватимуть вам сигнал, коли ви забагато проводите часу за переглядом новин. 

Можливо, якийсь зі способів ви уже застосовували? Напишіть у коментарях, чи вони вам допомогли ⬇️",0,"02/21/2024 09:02",N/A,https://www.facebook.com/MH4Ukraine/posts/pfbid02MCNpBZ8EgfrdsVK685CdSTCLYd9TVqc8FqGHbEqTXzusWXwcAWkW2q6ecCZXFPMpl,0,0,Photo,,,,,Lifetime,,5026,5189,168,114,4,50,43,10,33,,
1198106454699329,108912897259781,"Психічне здоров'я для України",,"Коли у 2004 році на екрани вийшов фільм “Авіатор”, де головну роль зіграв Леонардо ді Капріо, велика кількість українців дізналася про існування ОКР, який із дитинства має головний герой фільму. Сьогодні ми розповімо про те, що приховують ці 3 загадкові літери.

✔️ Обсесивно-компульсивний розлад (ОКР) – це поширений та тривалий розлад, що характеризується неконтрольованими, повторюваними думками (обсесії), які можуть змусити людину здійснювати повторювані дії (компульсії).

Люди з ОКР можуть мати нав’язливі ідеї, дії чи й те, й інше. Найчастіше нав’язливі ідеї включають:
🔸 страх перед мікробами або забрудненням,
🔸 страх щось забути, загубити чи втратити,
🔸 страх втратити контроль над своєю поведінкою,
🔸 агресивні думки щодо інших або щодо себе,
🔸 небажані або заборонені думки щодо сексу, релігії чи завдання шкоди,
🔸 бажання мати речі симетричними або в ідеальному порядку.

Компульсії – це повторювана поведінка, яку людина хоче здійснити у відповідь на нав’язливу думку. Поширені компульсії включають:
🔸 надмірне прибирання,
🔸 упорядкування предметів певним, точним способом,
🔸 багаторазове перевіряння (чи дверцята машини заблоковані, чи обігрів вимкнуто),
🔸компульсивне бажання рахувати речі (сходинки, речі певного кольору абощо).

❕ Не всі ритуали чи звички є компульсіями. 

Але люди з ОКР:
🔸 не можуть контролювати свої нав’язливі думки або компульсивну поведінку, навіть коли вважають ці думки або поведінку надмірними,
🔸 витрачають щонайменше 1 годину на день на ці думки або поведінку,
🔸 не отримують задоволення від компульсивної поведінки або ритуалів, але можуть відчувати короткочасне полегшення тривоги, викликаної нав’язливими думками,
🔸 мають значні проблеми у повсякденному житті через ці думки або поведінку.

Наприклад, людина із нав’язливим страхом бути обкраденою може відчувати, що потрібно кілька разів перевірити, чи всі вікна та двері зачинені на замок, перш ніж вийти з дому.

Жінки можуть іноді мати ОКР під час вагітності або після народження дитини. Обсесія може бути, наприклад, переживанням про те, щоб не завдати шкоду дитині. Компульсією можуть бути, наприклад, неодноразові перевірки дихання дитини.

❔ Чи є лікування від ОКР?
Існує кілька ефективних методів лікування ОКР, які можуть значно зменшити його вплив на ваше життя.

▪️ психологічна терапія – зазвичай когнітивно–поведінкова терапія (КПТ), яка допомагає протистояти страхам і нав’язливим думкам, не “виправляючи їх” примусом,
▪️ медикаменти – можуть допомогти, змінюючи баланс хімічних речовин у мозку.

❔ Як жити з ОКР?

Існує кілька важливих речей, які можуть допомогти в боротьбі зі стресом і тривогою, пов’язаними з ОКР:

▪️  дотримання графіку сну,
▪️  регулярні фізичні вправи,
▪️  медикаментозне лікування,
▪️  психотерапія,
▪️  збалансоване харчування,
▪️  підтримка оточення.

Якщо серед наших підписників є люди з ОКР, розкажіть у коментарях, що вам допомагає? 🔽",0,"02/20/2024 09:02",N/A,https://www.facebook.com/MH4Ukraine/posts/pfbid035h94hZjo4MFME9rx2tDvzhmyAQnGMEqqjFGPWxRSWsk7KWFSi1X18SHpbVvqPTRil,0,0,Photo,,,,,Lifetime,,3854,4098,126,91,5,30,88,12,76,,
1195088418334466,108912897259781,"Психічне здоров'я для України",,"💔 Трагічні новини болять та впливають на наше самопочуття, не дають сконцентруватися на роботі чи домашніх справах. Ми можемо відчувати безсилля, напругу, страх, гнів, розчарування або втому. 

Як допомогти собі прожити ці емоції?

❤️‍🩹 Нагадайте собі, що те, що ви відчуваєте — нормально. Адже таким чином ваша психіка намагається впоратися із тим, що відбувається.

❤️‍🩹 Шукайте форму вираження почуттів. Спробуйте описати свій стан і розповісти комусь. Це може бути розмова з близькими або допис у соцмережі тощо.

❤️‍🩹 Спробуйте зрозуміти, що допоможе вам пережити цей стан. Можливо, вам захочеться просто спати та їсти, якщо енергії немає.

❤️‍🩹 Дозвольте собі проявляти емоції. Якщо це потрібно, не стримуйте сльози, крик в лісі та інші екологічні прояви. Вираження емоцій дозволить вам почуватися краще.

❤️‍🩹 Сфокусуйтеся на тому, що можете контролювати та спробуйте мати рутинні справи. Звичні дії нагадують нам, що ми маємо владу, що можемо впливати бодай на щось. Це не означає вдати, ніби нічого не відбувається. Це означає продовжувати жити та повернути владу над своїм життям. Спробуйте планувати повсякденні справи та приймати маленькі рішення. Однак, не картайте себе, якщо не вдасться цього дотриматися.

❤️‍🩹 Коли відчуваєте, що інформаційне поле негативно впливає на ваш стан, обмежуйте користування соціальними мережами.

❤️‍🩹 Знайдіть спосіб допомогти тим, хто цього потребує. Якщо не маєте ресурсу для великої діяльності, зробіть нехай і незначний внесок у добрі справи. Океан складається з крапель. А можливо допомога потрібна зараз саме вам, тож не відкладайте. 

❤️‍🩹 Якщо маєте ресурс, підтримайте людей, які проживають ту ж ситуацію. Будьте уважними та дбайливими до тих, хто поруч. 

❤️‍🩹 Коли ми у стресі, це часто супроводжується напругою мʼязів. Допомогти можуть дихальні вправи, медитація на розслаблення
або майндфулнес.

☎️ Якщо ви потребуєте кваліфікованої підтримки — за посиланням контакти ліній допомоги: https://www.mh4u.in.ua/phones/",0,"02/16/2024 09:02",N/A,https://www.facebook.com/MH4Ukraine/posts/pfbid02RdMBMff2yiCoPpqAB4SVdSzP8UXAFb5Bh9nq33xKyctRJDnZjNxKYAQvAcu7CNJ9l,0,0,Photo,,,,,Lifetime,,3982,4241,131,89,1,41,46,15,26,5,
1194335495076425,108912897259781,"Психічне здоров'я для України",,"🫂 Слухання — найважливіша з усіх комунікаційних навичок, адже вона здатна створювати й живити близькість та душевність у парі. 

Коли ви чуйно слухаєте, то краще розумієте свого партнера, залишаєтеся з ним «на одній хвилі» та отримуєте більше втіхи від стосунків. 

Почути партнера заважають фільтри слухання: 

👂🏻 Читання думок

Ви «читаєте думки», коли відкидаєте або не ймете віри тому, що каже партнер, і натомість намагаєтеся з'ясувати, що ж він чи вона «дійсно має на увазі». Люди, які зайняті «читанням думок», ігнорують реальний зміст сказаного партнером на користь власних здогадок і підозр.

👂🏻 Програвання репетицій

Ви настільки зайняті програванням у голові того, що збираєтеся сказати, що нездатні почути, з чим звертається до вас партнер.

👂🏻 Фільтрування

Фільтрування означає, що ви слухаєте вибірково. Скажімо, вслухаєтеся у слова партнера, щоб упевнитися, що він не відчуває злості, смутку або тривоги. Проте «відключаєтеся», щойно переконалися, що все гаразд. 

👂🏻 Осуд 

Осуд означає, що ви перестали слухати партнера через певну негативну думку, яка пронеслася у вашій голові, або ж продовжуєте слухати задля того, щоб згодом звинуватити та скомпрометувати партнера.

👂🏻 Літання у хмарах

Усі ми почасти відволікаємося. Проживши з людиною пліч-о-пліч багато років, особливо спокусливо припинити слухати й зануритися у власні фантазії. Якщо вам все складніше залишатися уважними до партнера, це може бути тривожним сигналом, що ви уникаєте контакту чи певних тем.

👂🏻 Постачання порад

Ваш партнер заледве встигає завершити речення, як ви вже встряєте зі своїми порадами. Завзятий пошук правильного рішення та ваша налаштованість розвʼязати всі проблеми робить вас глухими до простої потреби вашого партнера, щоб його вислухали.

👂🏻 Спаринг

Ви слухаєте лише задля того, щоб не погоджуватися, сперечатися та доводити своє. Ви займаєте певну позицію та захищаєте її всупереч словам партнера. У багатьох порушених стосунках такі «дуелі» є звичним способом комунікації. 

👂🏻 Непогрішність

Цей блок не дає вам чути нічого, що могло б натякнути на вашу недосконалість. Щоб відкараскатися від будь-якого припущення про вашу можливу неправоту, ви будете обманювати, кричати, змінювати тему, ухилятися від суті питання, виправдовуватися абощо. 

👂🏻 Ухиляння від теми

Ви змінюєте тему або переводите все у жарт, тільки-но розмова набирає надто особистого або загрозливого відтінку. Таким самовідводом або гумором ви намагаєтеся не дослухатися до серйозного занепокоєння вашого
партнера.

👂🏻 Запопадлива позиція

Ви дуже легко зі всім погоджуєтеся. Щойно ваш партнер виявляє сумніви, роздратування чи тривогу, як ви тут як тут зі словами на кшталт: «Так... Маєш рацію... Я знаю... Мені шкода... Я все виправлю». Ви так переймаєтеся, аби бути милими, неконфліктними та готовими підтримати, що геть не даєте партнеру змоги вповні висловити свою думку.

📖 За матеріалами книги «Мистецтво бути у парі: практичні навички» Метью МакКейна, Патріка Фаннінга та Кіма Палега, яку видав Інститут психічного здоров'я Українського Католицького Університету. 

🔜 Що допоможе навчитися активно слухати партнера ми розкажемо в нашому наступному дописі.",0,"02/15/2024 08:02",N/A,https://www.facebook.com/MH4Ukraine/posts/pfbid02wbRjFtd89C6gkfRGcQ6Tn4t9qv6hL9LWTobwxg4dRpbDZkqQdmXTYTWVHvc1RJr1l,0,0,Photo,,,,,Lifetime,,11764,12703,526,363,18,145,158,27,131,,
1192527921923849,108912897259781,"Психічне здоров'я для України",,"Щодо святкування Дня святого Валентина точаться багато суперечок. Чи обов’язково тим, хто в парі, відзначати це свято? Якою б не була ваша відповідь, важливо пам’ятати: стосунки важливіші, ніж загальноприйняті ритуали святкування.  

Як покращити та зміцнити стосунки? Ось кілька порад:  

❤️ Поважайте кордони одне одного. Якщо ви переходите межі одне одного або намагаєтеся їх змінити, образ та суперечок не уникнути. 

❤️ Плекайте здорове і відкрите спілкування. Адже це ключовий спосіб, щоб говорити про свої потреби, бажання, а також особисті кордони.  

❤️  Навчіться знаходити виходи з конфліктних ситуацій. Часто пари, які ігнорують або уникають конфліктів, ризикують зіткнутися з напруженням у стосунках та незадоволеними потребами. Пам‘ятайте, що конфлікти є нормальним явищем у будь-яких стосунках, якщо вирішувати їх з повагою до свого партнера.

❤️ Шукайте глибшого розуміння одне одного. Подібно до романтичних комедій, де ексцентричні герої знаходять один одного, люди хочуть відчувати, що знайшли «свою людину» або принаймні когось, хто розуміє їх і любить такими, якими вони є насправді.

❤️ Пам‘ятайте, що подорожувати наодинці, самому відвідувати цікаві події та мати друзів, з якими ви бачитеся сам-на-сам, — це частина здорової індивідуальності. Пари, які мають власні інтереси та приймають їх, краще розвиваються. 

❤️ Шукайте та розвивайте близькість. Мова йде не про частоту чи якість сексуальних стосунків. Спільна ранкова кава або вечірня прогулянка удвох — це також ритуали, які є частиною вашої близькості. 

Якщо через виклики війни або інші обставини ви знаходитеся в розлуці з вашим партнером чи партнеркою, читайте допис про те, як дбати про стосунки на відстані: https://www.facebook.com/share/p/EGb6sBZxerD4YMZ3/?mibextid=I6gGtw

💬 А якими є здорові стосунки для вас? Діліться в коментарях.",0,"02/13/2024 09:02",N/A,https://www.facebook.com/MH4Ukraine/posts/pfbid023Qn7ePYD9RrihBS6ZHPAQu8m2UNeNgG1gkZF9uwUXgXRiVxhXQpyBkLfiBWzCC6ql,0,0,Photo,,,,,Lifetime,,3041,3276,95,71,0,24,67,5,62,,
1192536631922978,108912897259781,"Психічне здоров'я для України",,"⌛️ Друзі у Дніпрі, маєте ще два дні, щоб приєднатися до команди нашого проєкту. 15 лютого — останній день подачі заявок на посаду регіонального координатора. 

Нам потрібна людина, яка має:

✅ вищу освіту у галузі психіатрії, психології, соціальної роботи, громадського здоров'я, управління та при цьому зацікавлена темою психічного здоров'я;
✅ високий рівень англійської;
✅ досвід роботи (понад 1 рік) в сфері громадського здоровʼя, розбудови медичних/соціальних послуг, психосоціальної підтримки або організації реформ;
✅ відмінні комунікативні навички та здатність до ефективної взаємодії;
✅ високі організаційні здібності та досвід управління проєктами. 

💼 Якими є обов‘язки регіонального координатора? 

✅ Координувати проєкт та виконувати його завдання в Дніпропетровській області.
✅ Співпрацювати з місцевими органами влади, неурядовими організаціями та міжнародними партнерами.
✅ Реалізовувати проєктні заходи на місцевому рівні. 
✅ Організовувати тренінги, консультації та інші заходи, пов'язані із проєктом.
✅ Займатися адвокацією змін у сфері психічного здоровʼя на рівні міста, громади, області.
✅ Робити звітність по активностях проєкту. 
✅ Звітувати перед керівництвом проєкту та партнерами.

💜 Які можливості відкриває ця посада? 

✅ Ви долучитеся до реалізації ключового проєкту в галузі психічного здоров'я в Україні. 
✅ Матимете можливість професійно зростати та підвищувати свою кваліфікацію. 
✅ Станете частиною дружнього та високопрофесійного колективу.
✅ Отримуватимете конкурентоспроможну заробітну плату. 

📌 Зайнятість у проєкті повна або часткова (відповідно до домовленостей).
📌  Тривалість співпраці до 4-х років.

✍️ Якщо ви відповідаєте описаним критеріям та бажаєте приєднатися до нашої команди, надсилайте своє резюме та мотиваційний лист на електронну адресу: hanna.horodnichenko@mh4u.in.ua

Вкажіть тему листа «Регіональний координатор MH4U». 

ℹ️ Більше інформації про наш проєкт: https://www.mh4u.in.ua/

🫶🏼 Чекаємо вас у нашій команді, щоб разом реформувати систему психічного здоров'я в Україні.

Будемо вдячні за поширення допису.",0,"02/13/2024 03:02",N/A,https://www.facebook.com/MH4Ukraine/posts/pfbid0Spb669RDA81ykgZgNfTYsxK3ndzStyDMDFQCYvnzRUFRkCTjwMTGW5V6k4EKraoNl,0,0,Photo,,,,,Lifetime,,1370,1409,16,15,0,1,9,4,1,4,
1190523115457663,108912897259781,"Психічне здоров'я для України",,"😣 Не відчуваєте радості від життя? Улюблена їжа не смакує, жарти не здаються смішними і взагалі нічого не приносить задоволення? 

Можливо, причина в ангедонії. Це стан, коли людина не відчуває насолоди навіть від речей або занять, які раніше любила.

Ангедонія може бути симптомом біполярного розладу, ПТСР, шизофренії, розладу, пов’язаного із зловживанням психоактивними речовинами. Люди з хронічним болем і хворобою Паркінсона також можуть відчувати ангедонію.

При депресії ангедонія виникає приблизно у 70% людей.

Ангедонію класифікують на два типи:

😏 соціальну — коли спілкування з людьми не приносить задоволення
😏 фізичну — коли не викликають задоволення фізичні відчуття, наприклад, обійми, музика або запах їжі.

Ось кілька порад, які можуть допомогти вам протистояти ангедонії. 

👉 Якщо ви помічаєте в себе ознаки ангедонії, зверніться за допомогою до фахівця психічного здоров‘я. 

👉 Спробуйте робити те, що вам подобалося раніше, навіть якщо ви не маєте настрою для цього та перші спроби не приносять очікуваного результату. 

👉 Докладайте зусиль. Почніть із маленьких кроків, а згодом заплануйте дії, які підтримають вас у продовженні активностей, навіть якщо ви не бачите в них сенсу. 

👉 Ангедонія може змусити вас нехтувати маленькими моментами радості та вважати їх марною тратою часу, але старайтеся прислухатися до найменших проявів відчуттів, які у вас є. 

Використовуйте всі п’ять органів чуття, щоб відчути найменші прояви радості і насолодитися ними. Це може бути, наприклад, запах свіжого печива абощо.",0,"02/10/2024 09:02",N/A,https://www.facebook.com/MH4Ukraine/posts/pfbid025oUXon3zB5ecxrrmHLtDqxAAKb3DLFRxuZYxBzkXVKivTJMCMsosGkux6AKZBY6zl,0,0,Photo,,,,,Lifetime,,4251,4520,134,102,1,31,36,15,21,,
1188820312294610,108912897259781,"Психічне здоров'я для України",,"📣 Друзі у Дніпрі, чудова можливість для вас! Наш проєкт шукає регіонального координатора для роботи в вашому місті.

Нам потрібна людина, яка має:

✅ вищу освіту у галузі психіатрії, психології, соціальної роботи, громадського здоров'я, управління та при цьому зацікавлена темою психічного здоров'я;
✅ високий рівень англійської;
✅ досвід роботи (понад 1 рік) в сфері громадського здоровʼя, розбудови медичних/соціальних послуг, психосоціальної підтримки або організації реформ;
✅ відмінні комунікативні навички та здатність до ефективної взаємодії;
✅ високі організаційні здібності та досвід управління проєктами. 

💼 Якими є обов‘язки регіонального координатора? 

✅ Координувати проєкт та виконувати його завдання в Дніпропетровській області.
✅ Співпрацювати з місцевими органами влади, неурядовими організаціями та міжнародними партнерами.
✅ Реалізовувати проєктні заходи на місцевому рівні. 
✅ Організовувати тренінги, консультації та інші заходи, пов'язані із проєктом.
✅ Займатися адвокацією змін у сфері психічного здоровʼя на рівні міста, громади, області.
✅ Робити звітність по активностях проєкту. 
✅ Звітувати перед керівництвом проєкту та партнерами.

💜 Які можливості відкриває ця посада? 

✅ Ви долучитеся до реалізації ключового проєкту в галузі психічного здоров'я в Україні. 
✅ Матимете можливість професійно зростати та підвищувати свою кваліфікацію. 
✅ Станете частиною дружнього та високопрофесійного колективу.
✅ Отримуватимете конкурентоспроможну заробітну плату. 

📌 Зайнятість у проєкті повна або часткова (відповідно до домовленостей).
📌  Тривалість співпраці до 4-х років.

✍️ Якщо ви відповідаєте описаним критеріям та бажаєте приєднатися до нашої команди, надсилайте своє резюме та мотиваційний лист на електронну адресу: hanna.horodnichenko@mh4u.in.ua

Вкажіть тему листа «Регіональний координатор MH4U». 

⌛️ Останній день подачі заявок — 15 лютого 2024 року

ℹ️ Більше інформації про наш проєкт: https://www.mh4u.in.ua/

🫶🏼 Чекаємо вас у нашій команді, щоб разом реформувати систему психічного здоров'я в Україні.

Будемо вдячні за поширення допису.",0,"02/08/2024 09:02",N/A,https://www.facebook.com/MH4Ukraine/posts/pfbid02kETGrEC8CXegiS2vmpdwE4544mWiWoi71PxZgnvviw4Sd2ww7LHQPvpPpLU3Q3Ajl,0,0,Photo,,,,,Lifetime,,3968,4434,84,64,1,19,65,4,53,8,
1186604479182860,108912897259781,"Психічне здоров'я для України",,"🎓 У нашого проєкту є своя освітня платформа. На ній ми розміщуємо безкоштовні навчальні курси як для фахівців психічного здоров’я, так і для людей, які прагнуть покращити свої знання про психічне здоров‘я, потурбуватися про себе та навчитися якісно підтримувати інших. 

📚 Тримайте підбірку наших найцікавіших курсів. 

1️⃣ Психологічна допомога для людей з посттравматичним стресовим розладом

Ізраїльські фахівці діляться досвідом як розбудовувати систему психологічної реабілітації та підтримки людей з ПТСР, зокрема військових. Цей курс буде корисним психологам, психотерапевтам, психіатрам та сімейним лікарям.

👉 Реєструйтеся: https://edu.mh4u.in.ua/courses/психологічна-допомога-для-людей-з-пос/

2️⃣ Техніки самодопомоги та розвитку стресостійкості під час війни: для цивільних та військових

Це короткий набір дуже простих, але надзвичайно ефективних технік,який допоможе цивільним та військовим, медикам, психологам, волонтерам та усім,хто продовжує працювати для перемоги в умовах повномасштабної війни. 

👉 Реєструйтеся: https://edu.mh4u.in.ua/courses/техніки-самодопомоги-та-розвитку-стр/

3️⃣ Resilience under duress 

Це чудова нагода покращити навички менеджменту у сфері психічного здоров'я: навчитися дбати психічне здоров’я в організації в кризові часи, виявляти травму на робочому місці та розвивати резильєнтність.

👉 Реєструйтеся: https://edu.mh4u.in.ua/courses/resilience-under-duress/

4️⃣ Колесо добробуту 

Цей курс навчить простим діям, які допоможуть покращити ваш настрій та збільшити добробут. Як основу для дослідження складових щасливого життя курс використовує колесо благополуччя ВООЗ. 

👉 Реєструйтеся: https://edu.mh4u.in.ua/courses/вас-вітає-колесо-добробуту/

🔔 Усі курси є безкоштовними. Щоб їй пройти, достатньо зареєструватися на нашій освітній платформі. 

Які теми навчальних курсів актуальні та важливі для вас? Будемо вдячні за ваші коментарі. 

🇺🇦🇨🇭 Проєкт «Психічне здоров’я для України» реалізується за підтримки Embassy of Switzerland in Ukraine / Посольство Швейцарії в Україні.",0,"02/05/2024 09:02",N/A,https://www.facebook.com/MH4Ukraine/posts/pfbid0PWVFjeqeA2QjdLc3BdAjVWuxSikMwmJXvzfmm4D6x5ZutWu5RkMzmcZnCrnXbpHQl,0,0,Photo,,,,,Lifetime,,8979,9695,453,317,13,123,330,47,113,170,
1184106806099294,108912897259781,"Психічне здоров'я для України",,"❤️‍🩹 Гіперзбудження при посттравматичному стресовому розладі є складним випробуванням. Тіло людини миттєво переходить у стан підвищеної готовності, особливо при згадці про травматичну подію. Навіть якщо загрози немає, організм людини реагує так, ніби вона є. 

😰 Таким чином людина з ПТСР перебуває у стані постійної напруги.

Симптоми гіпезбудження також включають:

⭕️ дратівливість або агресію
⭕️ ризиковану або деструктивну поведінку
⭕️ підвищену пильність
⭕️ перебільшену реакцію здригання
⭕️ труднощі у зосередженні
⭕️ порушення сну. 

Ці симптоми впливають на стосунки людини з ПТСР, а іноді можуть кардинально змінити її життя. 

Ось кілька заходів, які допоможуть впоратися з нападами гніву внаслідок ПТСР:

👉 Спробуйте відмежуватись від ситуації, наскільки це можливо. Дайте собі трохи фізичного та емоційного простору.

👉 Дихайте: часто ми забуваємо дихати, не тільки коли відчуваємо страх, але й гнів. Тож намагайтесь зосередитись на своєму диханні протягом 60 секунд.

👉 Зверніть увагу на те, що викликало ваш гнів. Запитайте себе, яку межу, на вашу думку, переступили? Що вам загрожує?

👉 Зверніть увагу на «розмір» вашого гніву в порівнянні з «розміром» ситуації. Чи не здається він вам занадто великим відносно самої ситуації? Це може допомогти трохи зменшити напругу.

👉 Випустіть гнів у безпечний спосіб. Якщо є можливість зробіть це за допомогою фізичної активності: прогулянки, бігу, віджимання, биття боксерської груші тощо. 

👉 Заспокоївшись, поговоріть з людиною, яка, на вашу думку, образила вас. Зосередьтеся на своїх спостереженнях і почуттях, але уникайте образ, звинувачень і згадок про минуле. Постарайтеся зрозуміти точку зору та наміри іншої людини та прийміть вибачення, якщо його просять. 

🔔 Пам‘ятайте, існують доказові методи лікування  посттравматичного стресового розладу. Якщо ви помічаєте в себе ознаки ПТСР — зверніться до сімейного лікаря або фахівців психічного здоровʼя.",0,"02/02/2024 09:02",N/A,https://www.facebook.com/MH4Ukraine/posts/pfbid02xjcFEhzYjVWmarCebBnAcTx68ckosZFgD3JPeiwWuAFfc7jCd4uwnwEPMRrNGvEJl,0,0,Photo,,,,,Lifetime,,8068,8913,290,196,3,91,112,9,103,,
1182596862916955,108912897259781,"Психічне здоров'я для України",,"⚠️ Для людей з посттравматичним стресовим розладом (ПТСР) одним із найважчих симптомів є флешбеки. Це яскраві та тривожні спогади, коли людина може почуватися або діяти так, ніби травматична подія відбувається знову.

Іноді вони можуть бути схожі на перегляд відео про те, що сталося, іноді виринають повні чи часткові зображення того, що відбулося: звуки, запахи або смаки, пов’язані з травмою. Часом людина може мати фізичні відчуття, наприклад, біль, напругу або емоції, які вона відчувала під час травматичної події.

Флешбеки можуть бути дуже неприємними, але є стратегії, які можуть допомогти запобігти або впоратися з ними.

🟣 Зосередьтеся на своєму диханні. Коли ви налякані, то можете перестати нормально дихати. Повільно вдихніть через ніс і видихніть через рот. Спробуйте порахувати до 4 або 5 під час вдиху та повторіть рахунок під час видиху.

🟣 Використовуйте методи заземлення. Ці техніки включають зосередження на середовищі навколо, використовуючи п’ять органів чуття: звук, дотик, нюх, смак і зір.

🟣 Нагадайте собі, що у вас флешбек. Спробуйте повторити багато разів: «Це спогад. Зараз цього не відбувається. Травматична подія минула».

🟣 Носіть предмет, який нагадує вам про сьогодення. Це може бути, наприклад, брелок, ключі чи ручка. 

🟣 Визначте свої тригери. Хоча ви не завжди можете запобігти спогадам, але спробуйте навчитися розпізнавати ситуації, які їх викликають. 

🆘 Щоб зменшити флешбеки або повністю їм запобігти, варто звернутися до фахівця психічного здоров’я. Когнітивно-поведінкова терапія та метод десенсибілізації та репроцесуалізації травми рухом очей (EMDR) може допомогти вам впоратися з травматичною подією, яку ви пережили та покращити вашу здатність функціонувати у житті.",0,"01/31/2024 08:01",N/A,https://www.facebook.com/MH4Ukraine/posts/pfbid02E3Ga9DNsxCZR2H82qEC3CrYG2ATv4Z5U28rKxWsBBymwFbznJdtNP79po2n7FoLLl,0,0,Photo,,,,,Lifetime,,7159,7881,263,188,1,74,108,8,100,,
1181129956396979,108912897259781,"Психічне здоров'я для України",,"💔 Востаннє Ірина з чоловіком бачилася, коли його на трохи відпустили з Бахмуту — у січні. Чоловік подзвонив Ірині перед Великоднем. Сказав, що йде на завдання. Як завжди, не буде зв’язку — може, днів три. 

Останнє повідомлення від нього отримала в неділю, а у вівторок прийшло сповіщення: під час виконання бойового завдання втратили зв’язок з усією групою. У травні «Вагнер» виклав фото його військового квитка. Але ні слова ані про загибель, ані про полон. 

Ірина довго не могла вийти з дому. Чи навіть засміятися. Бо якось засміялася про себе, а одинадцятирічний син забіг до кімнати й спитав: «Тато знайшовся?».

❤️‍🩹 Ірина приєдналася до зустрічей спільноти самопідтримки та самодопомоги — «Жити чекаючи». Вона об‘єднує сім‘ї, які живуть в очікуванні, переживаючи те, що психологи називають невизначеною втратою.

Групи підтримки проєкту стають  безпечним місцем, де сім’ї можуть висловити свій біль, гнів, образу, де їх можуть вислухати. 

Усього в проєкті «Жити чекаючи» на Львівщині 142 родини. Їхній досвід цінний і для інших громад, бо його можна використовувати вже зараз.

👉 Більше читайте у матеріалі на Reporters. Посилання в коментарях.

🇺🇦🇨🇭 Проєкт «Психічне здоров’я для України» реалізується за підтримки Embassy of Switzerland in Ukraine / Посольство Швейцарії в Україні.",0,"01/29/2024 08:01",N/A,https://www.facebook.com/MH4Ukraine/posts/pfbid02snw1Nhp9mG6mEpJJCqqPxxRQsBKYxkxgs13zNZAvxfqdUnKUx9ZfDDHLrhfdjufFl,0,0,Photo,,,,,Lifetime,,3941,4116,103,96,1,6,204,160,44,,
1178820069961301,108912897259781,"Психічне здоров'я для України",,"📣 Продовжуємо ділитися хорошими новинами нашого проєкту. 

Слідом за Рівненщиною Центр психічного здоров’я запрацював у Чернівцях. Його створили на базі КНП ""Міська поліклініка 1"" ЧМР. Тут місцеві жителі зможуть безкоштовно отримати сучасну та кваліфіковану допомогу фахівців психічного здоров‘я: психологів, психотерапевта, психіатра  та фахівця із соціальної роботи (якщо людина має соціальні труднощі. через психічний розлад).

💜 Наш проєкт подбав про ремонт приміщення, необхідне устаткування, а також комфорт та затишок. 

Звернутися в Центр психічного здоров‘я можна самостійно, а також за скеруванням сімейного лікаря або ж іншого спеціаліста. 

У центрі можна отримати:

✅ психологічну діагностику та консультування;
✅ психотерапію (індивідуальну або групову);
✅ психіатричну діагностику та фармакологічне лікування.

Психіатричну допомогу надають дорослим пацієнтам (старше 18-ти років). Психологічну допомогу надають людям з 14-ти років.

📲 Для запису до фахівця телефонуйте:
+38 050 820 0808
+38 067 820 0808

🇺🇦🇨🇭 Проєкт «Психічне здоров’я для України» реалізується за підтримки Embassy of Switzerland in Ukraine / Посольство Швейцарії в Україні.

Дякуємо за співпрацю Чернівецька міська рада та Управління охорони здоров'я Чернівецької міської ради .",0,"01/26/2024 09:01",N/A,https://www.facebook.com/MH4Ukraine/posts/pfbid02rDddMGrZeHiPCc2u6CMGrr3ZcHPHQrQ2c4KhattBymNN2aTHXUx3Yam5vAyBuhhhl,0,0,Photo,,,,,Lifetime,,3880,4372,163,146,3,14,276,192,83,1,
1178027286707246,108912897259781,"Психічне здоров'я для України",,"💜 Вчора у КНП ВМР «Вараська багатопрофільна лікарня» на Рівненщині почав працювати Центр психічного здоров’я! Це новий, сучасний простір з кваліфікованими фахівцями. Наш проєкт подбав про ремонт, матеріальне забезпечення Центру та підготовку фахівців. 

У Центрі працює 2 лікаря-психіатра та 2 психолога. За потреби залучають фахівця соціальних служб. Все анонімно, людяно, без білих халатів. Можна відвідувати як індивідуальну, так і групову психотерапію.

😓 Якщо ви відчуваєте потребу проконсультуватися з фахівцем, маєте страх, агресію, безсоння, панічні атаки та фобії, психосоматичні або будь-які психічні розлади, не відкладайте свій візит. Послуги в центрі повністю безкоштовні та доступні людям будь-якого віку.

Звернутися за консультацією можна як за скеруванням лікаря, рекомендацією фахівця соціальних служб, так і просто самостійно. 

📞 Записатися на прийом можна за телефоном: 
 +380 (67) 397 71 71

🤝 Радіємо, що послуги психічного здоров’я стають доступніші. Дякуємо за співпрацю Вараській міській раді та Рівненській обласній раді, з якою ми підписали меморандум про співпрацю. Сподіваємося, що наступний на Рівненщині Центр відкриється в Гощі вже цього року. 

Вже завтра розкажемо вам про перший Центр психічного здоров’я, який ми відкрили у Чернівцях. 

Проєкт «Психічне здоров’я для України» реалізується за підтримки Embassy of Switzerland in Ukraine / Посольство Швейцарії в Україні.",0,"01/25/2024 09:01",N/A,https://www.facebook.com/MH4Ukraine/posts/pfbid026WYAJkC9QBV1BWLcXGatxgGAypsSoDVo1WBmZ2J7uwuCe9kmFPvqAADuxoFqERAJl,0,0,Photo,,,,,Lifetime,,4487,4696,181,169,2,10,359,279,80,,
1176211113555530,108912897259781,"Психічне здоров'я для України",,"Часто люди намагаються стримати сльози, бо вважають їх ознакою слабкості. Однак наука доводить зворотнє. Плач може бути корисним. І от чому 👇

🥲 Сльози — це спосіб самозаспокоєння

Дослідники виявили, що плач активує парасимпатичну нервову систему, яка допомагає вашому тілу розслабитися. Однак ефект від сліз не миттєвий. Може знадобитися кілька хвилин плачу, перш ніж ви відчуєте заспокоєння. 

🥲 Сльози — це спосіб отримати підтримку

Якщо ви почуваєтеся пригніченими, то плач — це спосіб повідомити іншим, що ви потребуєте їхньої турботи і допомоги. 

🥲 Сльози допомагають зняти біль та покращити настрій 

Коли ми плачемо, в нашому організмі виділяються окситоцин і ендорфіни. Ці хімічні речовини змушують нас почуватися добре, а також можуть полегшити фізичний та емоційний біль. 

🥲 Плач відновлює емоційну рівновагу

Іноді ви можете плакати, коли ви дуже щасливі, налякані або напружені. Дослідники з Єльського університету вважають, що такий плач допомагає відновити емоційну рівновагу. 

🥲 Плач здатен знизити рівень стресу

Коли у стресових обставинах люди плачуть, їхні сльози містять низку гормонів стресу та інших хімічних речовин. Таким чином плач може знизити рівень цих речовин та зменшити стрес. Однак, щоб підтвердити це, необхідні додаткові дослідження в цій галузі.

🥲 Сльози допомагають оговтатися від горя

Скорбота — це періоди смутку, заціпеніння, провини та гніву. Плач особливо важливий у періоди горювання. Це необхідний етап у переживанні втрати близької людини.

❤️‍🩹 Не соромтеся плакати, якщо відчуваєте в цьому потребу. Однак пам’ятайте, якщо ви плачете дуже часто і ваш стан заважає повсякденній діяльності, зверніться за допомогою до фахівця психічного здоров‘я. 

💌 Чи допомагають вам сльози почуватися краще? Діліться в коментарях.",0,"01/23/2024 09:01",N/A,https://www.facebook.com/MH4Ukraine/posts/pfbid02ur5c1pEGcVZdcbhbUnxxer8gEsafuhEvNmqHPexHQTDy7KQYMdwsbTHznncYCoJUl,0,0,Photo,,,,,Lifetime,,116628,155180,6153,4848,291,1014,7992,696,7291,5,
1173936130449695,108912897259781,"Психічне здоров'я для України",,"🤦🏼‍♀️ Скільки можна гортати стрічку і переглядати меми з котиками?

Як організм потребує фізичного тренування, так і наш мозок потребує активності. Тож тримаймо розум в тонусі!

🧠 Тренування мозку не тільки допомагає тримати його в формі та бути здоровим, але й може знизити ризик розвитку деменції. Тому важливо давати йому вирішувати складні завдання.

Найкращі моменти в нашому житті – це не час розслаблення. Найкращим для нас є період, коли наші тіло або розум напружують у намаганні досягти чогось важкого та вартісного. 

🧐 Угорський психолог Мігай Чіксентмігай називає ці моменти «Потік».

Як знайти свій потік та обрати належну поживу для свого мозку? Знайти відповіді на ці та багато інших запитань ви зможете у нашому навчальному курсі «Колесо добробуту». 

✅ Як основу для дослідження складових щасливого життя курс використовує колесо благополуччя ВООЗ. Кожен сектор колеса презентує один навчальний модуль. Кожен модуль навчить вас простим діям, які можуть покращити настрій та добробут.

👉 Курс безкоштовний і доступний за посиланням в коментарях. Приєднуйтеся!",0,"01/20/2024 09:01",N/A,https://www.facebook.com/MH4Ukraine/posts/pfbid02VGEU7nQjpaVhdZuLsEjWPCeSSmnVVvd5XPRtgJoj9vFmTqTvFSR1TaZeKwaWs3jwl,0,0,Photo,,,,,Lifetime,,4664,5078,121,90,8,23,120,24,96,,
1171263980716910,108912897259781,"Психічне здоров'я для України",,"💔 Понад 26 тисяч людей в Україні із 2022 року вважаються зниклими безвісти. Стільки ж сімей живуть в очікуванні, переживаючи те, що психологи називають невизначеною втратою. 

Навесні 2023 року наш проєкт розпочав супровід родин зниклих безвісти. Наші партнери — львівська громадська організація Metta, NGO, яка працює з військовими та їхніми сім’ями із 2014 року. Разом ми створили  план підтримки родин у Дрогобицькій, Миколаївській та Червоноградській громадах Львівщини. 

Проєкт має назву «Жити чекаючи». Обидва слова тут однаково важливі.

❤️‍🩹 Як сім’ї зниклих безвісти об’єднуються у спільноти самопідтримки на Львівщині читайте у матеріалі на Reporters. 

👇 Посилання у коментарях. 

Сьогодні «Психічне здоров’я для України» та «Metta» готують рекомендації для громад, які також шукають, як допомогти сім’ям, які проживають невизначену втрату.

Проєкт «Психічне здоров’я для України» реалізується за підтримки Embassy of Switzerland in Ukraine / Посольство Швейцарії в Україні.",0,"01/17/2024 07:01",N/A,https://www.facebook.com/MH4Ukraine/posts/pfbid023qgHVMyiyVeXrMMGmCJQNwZfRn23LXdyH15MdzGqQNQ8mN6us8gEUQMMH6YS8nN5l,0,0,Photo,,,,,Lifetime,,7381,7823,258,205,8,45,344,245,98,1,
1169553794221262,108912897259781,"Психічне здоров'я для України",,"🥶 Блакитний понеділок — так називають понеділок третього тижня січня. Його вважають найдепресивнішим днем у році. 

Цей термін започаткував у 2004 році психолог Кліф Арнал. Він визначив цю дату за допомогою математичної формули, яка враховує:

⛅️ метеорологічні фактори (короткий світловий день)
🫣 психологічні фактори (недотримання новорічних обіцянок) 
💸 економічні фактори (великі витрати, яких дехто зазнав на початку року).

❤️‍🩹 Пам‘ятайте, дбати про своє психічне здоров‘я варто щодня.

👇 Коли слід звернути увагу на своє психічне самопочуття читайте на нашому сайті: https://bit.ly/3NYSfsP 

❤️‍🩹 А як ваш настрій сьогодні? Пишіть у коментарях.",0,"01/15/2024 08:01",N/A,https://www.facebook.com/MH4Ukraine/posts/pfbid0g8hnX1PpjKsLmeSoKmZxBmfKeLCL35VstNXkKWuUuiFeHQzt3mN9zmuhiomqetTbl,0,0,Photo,,,,,Lifetime,,7721,8081,257,200,21,36,256,71,147,38,
1167073041136004,108912897259781,"Психічне здоров'я для України",,"🤲 Що робить нас щасливим? Що ми можемо зробити, аби покращити свій добробут? 

Знайти відповіді на ці запитання ви зможете у нашому курсі «Колесо добробуту». Як основу для дослідження складових щасливого життя курс використовує колесо благополуччя ВООЗ. 

🧐 Ми розглядаємо, як фізична активність, навчання, ділення, спілкування та підтримання контакту, уважність до деталей та піклування про планету робить наше життя щасливішим. 

Кожен сектор колеса презентує один навчальний модуль. Кожен модуль навчить вас простим діям, які можуть покращити настрій та збільшити добробут. Не все з наших порад спрацює, однак, зосередьтеся на тих активностях, які підходять саме вам. 

💜 Сподіваємося, що завдяки цьому навчанню кожен з вас побудує своє коло добробуту.

👉 Курс доступний за посиланням в коментарях.",0,"01/12/2024 06:01",N/A,https://www.facebook.com/MH4Ukraine/posts/pfbid0ZrVJJLzYTQzxJqYdnoH5zPRZ42nfPJJF6o5XwXZmsNYvMNWLZyQYPWnibajH72qDl,0,0,Photo,,,,,Lifetime,,50162,68125,2694,2195,55,444,3848,1031,2810,7,
1165549941288314,108912897259781,"Психічне здоров'я для України",,"Війна впливає на наше фізичне і психічне здоров‘я. Тому зараз критично важливо дбати про себе. Клінічна психологиня Надія Браницька радить, як турбуватися про себе системно. 

👉 Щодня 

відстежуйте, яка навантаження ви в силі взяти на себе, а також плануйте, як ви будете поновлювати енергію. Це може бути дві-три ресурсні справи: кава з улюбленого горнятка, улюблена пісня, прогулянка мальовничою вулицею.

Створіть список занять, які приносять вам задоволення, щоб швидко знаходити те, що допомагає поповнювати ваш ресурс. 

👉 Щотижня

знайдіть час для однієї великої улюбленої справи. Це може бути масаж, цікава лекція, зустріч з друзями, фізичні навантаження. Або, навпаки, влаштуйте собі день «нічогонероблення», щоб набиратися фізичних та моральних сил.

👉 Щомісяця

заплануйте масштабніше відновлення. Поїдьте кататися на конях, відвідайте сусіднє місто або ж друзів.

👉 Щороку

організуйте максимальне відновлення. Це може бути тривала поїздка, ретрит з практикою мовчання. Якщо ви одружені та маєте дітей, заплануйте відновлення лише вдвох з вашим партнером. Щорічна відпустка не обов‘язково передбачає подорожі, але цей досвід відновлення має бути винятковим. 

🫵 Пам‘ятайте, відсутність бодай короткострокових планів — ще один стресовий фактор для нашого організму. Щоб не погіршувати свій психічний стан та самопочуття, варто вчитися будувати плани, зокрема бодай маленького, але відпочинку.",0,"01/10/2024 09:01",N/A,https://www.facebook.com/MH4Ukraine/posts/pfbid02u1GDuDs1da9dxQgcG8dtjjwWKmRsBxVQzyF4XbQXqMWXs5TFejurVkLdWBszHEUml,0,0,Photo,,,,,Lifetime,,28736,34819,1281,1034,17,230,1313,169,1144,,
1163860748123900,108912897259781,"Психічне здоров'я для України",,"Після перерви нам непросто повернутися у робочий режим. І чим більше ми відпочиваємо, тим більшими можуть бути слабкість та небажання працювати. 

🧐 Клінічна психологиня Надія Браницька пояснює, чому так відбувається, і чи винні у цьому свята. 

💁🏻‍♀️ Якщо у людини все добре зі здоров’ям, навантаження не перевищує можливості та сили, а робота приносить задоволення, — повернення до роботи після святкової паузи не має бути проблемою.

Однак так відбувається далеко не у всіх. 

🤦🏻‍♀️ Наприклад, якщо у людини на роботі токсичне оточення, де вона не задовольняє ні свої фінансові потреби, ні потреби в емоційному зв’язку з колегами, їй буде важко адаптуватися. Байдуже, чи людина щойно вийшла на нову роботу, чи повертається туди після свят. 

🙅🏻‍♀️ Інколи проблема не в робочому середовищі, а в тому, що відбувається з самою людиною. Можливо, вона має високі вимоги до себе або ж не вміє відстоювати особисті кордони. У такому разі людина відчуватиме емоційні коливання, напруження м’язів, головний біль, слабкість. Тож важливо спостерігати за сигналами власного тіла й усвідомлювати, що воно хоче нам сказати. 

❤️‍🩹 Війна  також позначається на тому, наскільки довго людина відпочиватиме та як повертатиметься до роботи. Зараз ми маємо менше сил, аніж мали до війни. Тому критично важливо якісно відновлюватися і знайти те, що допомагає саме вам. 

Варто бути менш вимогливим до себе, своєї продуктивності, мотивації до праці. Важливо щоденно відстежувати, скільки енергії ви витрачаєте і скільки поповнюєте. 

🎙️ Більше про те, як слід дбати про психічне здоров’я на робочому місці, дізнавайтеся у нашому безкоштовному навчальному курсі: https://edu.mh4u.in.ua/courses/психічне-здоровя-та-психологічний-до/

💌 Як вам вдається повертатися до робочого режиму після свят? Діліться в коментарях.",0,"01/08/2024 08:01",N/A,https://www.facebook.com/MH4Ukraine/posts/pfbid08hst8H7XK9N3e2CCrUjoE7Dr6w61y4NZWpjQSWoBe3SzecqEZTJgg13eQJxeAforl,0,0,Photo,,,,,Lifetime,,2689,2892,78,60,1,17,33,5,11,17,
1161542615022380,108912897259781,"Психічне здоров'я для України",,"❤️‍🩹 Повномасштабна війна в Україні триває вже майже два роки. Як розвивати стійкість в умовах таких тривалих випробувань пояснює лікар-психотерапевт Олег Романчук.

💪🏻 Стійкість схожа до м’язів, а отже ми можемо її розвивати. М’язи можна тренувати під різні завдання: під спринт, під марафон, під багатоборства. Так і зі стійкістю – під час різних життєвих викликів нам потрібні її різні види. 
 
🏃🏻‍♀️ В умовах тривалих випробувань спроба викластися і викинути всі сили на «короткій дистанції» не працюватиме. Важливо знайти той темп, з яким ми зможемо продовжувати нашу боротьбу стільки, скільки це буде потрібно. 

Менеджмент енергії включає в себе три складові:
 
🍏 регулярно поповнювати сили. Дбати про сон, їжу, фізичну активність, ресурсні соціальних активності, зв’язок із цінностями, природою і т.д. 

🫶🏼 Турбуватися про себе і регулювати свій темп життя. Варто пам‘ятати, що турбота про себе – не егоїзм. Якщо ми не будемо турбуватися про себе, як зможемо турбуватися про інших? 

💆🏻 Мінімізувати марні витрати енергії. Варто «викреслити» з наших списків справ усе зайве, не обтяжувати себе другорядним, максимально спростити життя.

Бути готовим до труднощів не означає постійно переживати всі можливі катастрофічні наслідки і нагнітати атмосферу найгіршими сценаріями. 

🕊️ Варто спробувати жити без очікувань на швидке завершення страждань, бути налаштованим на довготривалі випробування, але водночас не полишати надії на краще.

💌 А що вам допомагає триматися у нелегкі часи? Діліться в коментарях.",0,"01/05/2024 05:01",N/A,https://www.facebook.com/MH4Ukraine/posts/pfbid02ABAr4aJSn8aTaqWvEFKF5ps8ywNRShHC9c5bfk45BZkBGY3yptrQLRVaVzEThcF2l,0,0,Photo,,,,,Lifetime,,49462,70654,2921,2482,47,392,2214,357,1855,2,
1155759175600724,108912897259781,"Психічне здоров'я для України",,"Через виклики війни цьогорічні зимові свята можуть не приносити нам звичної радості. Натомість ми можемо відчувати смуток, втому, самотність та провину. 

Що робити з цими почуттям? Пояснює психотерапевтка Злата Гнатюк для Wonderzine.

🤷🏻‍♀️ Святкувати чи ні?

Прислухайтеся до себе. Не намагайтеся відповідати чиїмось очікуванням. Пам’ятайте, що це нормально не відзначати свята, якщо вам не хочеться робити цього. Якщо ж ви вагаєтеся, спробуйте піти на святкування, але не змушуйте себе зображати радість та не силуйте досидіти до кінця вечора.

🤷🏻‍♀️ Чи маємо ми право радіти? 

Часто людей мучить почуття провини за те, що вони можуть відзначати свята з близькими, поки багато українців не мають такої можливості. Фахівці говорять, що люди, які заборонили собі будь-яку радість,почуваються значно гірше, аніж ті, хто докладає зусиль, щоби попри все насолоджуватися життям. Пам‘ятайте, що ваше почуття провини не допоможе людям, яким зараз складно. 

🤷🏻‍♀️ Як бути, якщо рідні далеко? 

Коли людина опиняється на новому місці, у нових обставинах, вона часто спирається на свої звички і традиції. Це дає змогу тримати зв’язок зі своєю країною та сім’єю. Згадайте свої сімейні традиції та відтворіть їх, навіть якщо поруч немає всіх близьких. Якщо ж у вас не було ритуалів і традицій, спробуйте створити їх самі. 

🤷🏻‍♀️ Де знайти сенси під час святкувань?

Зимові свята – це про добро, єднання та чуйність. Можливо, ви знайдете для себе нові смисли свят саме в допомозі іншим, наприклад, військовим, людям з окупованих територій та вимушеним переселенцям. Якщо ж у вас є знайомі у війську, не забудьте зателефонувати чи написати їм, навіть якщо вони не відповідають.

💌 А як ви плануєте провести свята цьогоріч? Діліться в коментарях.",0,"12/28/2023 07:12",N/A,https://www.facebook.com/MH4Ukraine/posts/pfbid02w9erv4WK3WA2Xnvw4JUdFqutm9mM8bs5V3w5qf2XcvViyaA3GQ2zm1mcCD4ujMgnl,0,0,Photo,,,,,Lifetime,,134817,176620,3834,2916,258,660,9433,797,8633,3,1
1153370305839611,108912897259781,"Психічне здоров'я для України",,"Щасливі свята та реальність війни складно поєднувати, тому пережити прийдешній період може бути непросто. 

Як у святковий період подбати про своє психічне здоров‘я? Ось кілька порад 👇

💌 Щоб допомогти своєму психічному здоров‘ю, варто закінчувати кожен свій день пригадуванням приємного моменту. Що вас надихнуло, вразило, здивувало? Поділіться цим з близькою людиною або ж запишіть його у щоденник. 

💌 Зафіксуйте те, чого вам зараз достатньо: їжі, води, тепла, обіймів, сміху, сну. Нагадайте собі, за що ви цінуєте теперішній момент. 

💛 Дозвольте собі спогади. Це можуть бути фотографії або музика, які нагадають вам часи, коли ви не були самотніми. Якщо вам захочеться плакати — плачте. З вдячністю пригадуйте те, що ви мали, і те, ким ви були для дорогих вам людей. 

❤️ Турбуйтеся про себе. Гаряча ванна, свічки, ароматичні олії – все це способи, якими ви можете виявляти любов до себе. Пам’ятайте, що турбота про себе дає сили бути поруч з іншими людьми.

❤️‍🩹 У час свят ви можете також відчувати провину або сором. Це - сильні саморуйнівні емоції. Як з ними бути? 

Шукайте прощення у людей, яких ви, на вашу думку, образили. Це не обов'язково робити особисто. Уявіть людину чи групу людей, яких ви образили або не захистили. Подумки попросіть їх пробачити вас і одночасно вибачте їм. 

❤️‍🩹 Напишіть листа тому, хто, на вашу думку, завдав вам страждань. Пишіть те, що відчуваєте, не засуджуйте себе та не виправляйте. Ви можете спалити лист та розсіяти попіл. 

А що допомагає вам дбати про себе зараз? Діліться у коментарях 👇",0,"12/25/2023 04:12",N/A,https://www.facebook.com/MH4Ukraine/posts/pfbid02AgDjtV4ViupjwmXLvZgNg1MCV2RaH8ZKiwoYqNnVVuaLM2TR1yXj1SnYJosAq1Yxl,0,0,Photo,,,,,Lifetime,,51563,70999,2436,2057,73,306,1814,235,1579,,
1151663406010301,108912897259781,"Психічне здоров'я для України",,"Друзі, ми розпочинаємо наш прямий ефір «Жити чекаючи: як родичам зниклих безвісти військових підтримати себе». 

Поговоримо про невизначену втрату, способи допомоги тим, хто її переживає, та про групи підтримки для родин військовослужбовців.

Приєднуйтеся до ефіру за посиланням в коментарях 💜",0,"12/23/2023 01:12",N/A,https://www.facebook.com/MH4Ukraine/posts/pfbid0YZgMeHMpgZg6JuiWwnHSVPYdr7YuZHhKWq7sgFE4jyTGFacLyd8JN7xddW4dC1Xfl,0,0,Photo,,,,,Lifetime,,2424,2689,46,38,2,6,26,7,19,,
1151220996054542,108912897259781,"Психічне здоров'я для України",,"Втрата під час війни — виклик, який вимагає навичок підтримки одне одного. Особливо важко жити, коли доля близької людини невідома. 

📅 Завтра, 23 грудня, об 11:00 ми проведемо прямий ефір на тему «Жити чекаючи: як родичам зниклих безвісти військових підтримати себе». 

Ми поговоримо про невизначену втрату, способи допомоги тим, хто її переживає, та про групи підтримки для родин військовослужбовців.

Ділитися досвідом та відповідати на ваші питання будуть представниці Metta, NGO, психотерапевтки Юлія Стадницька та Олена Муха. “Жити чекаючи” — проєкт комплексної психосоціальної підтримки та супроводу родин, що проживають невизначену втрату, який громадська організація втілює на Львівщині за підтримки MH4U.

Рєструйтеся за подію за посиланнями в коментарях ⬇️",0,"12/22/2023 10:12",N/A,https://www.facebook.com/MH4Ukraine/posts/pfbid0f4nJU6TcLzwNaTseLYMFFC8obzxdjJutAxRPXT8DMTiVbV8mrPnZbaTrmpfwxKFSl,0,0,Photo,,,,,Lifetime,,2424,2652,43,33,5,5,32,10,22,,
1149413766235265,108912897259781,"Психічне здоров'я для України",,"💜 У Трускавці пройшов наш Перший форум амбасадорів та амбасадорок психічного здоров’я! 

20 людей з психічними розладами зібралися разом, щоб підтримати одне одного та розробити стратегію взаємодії з нашим проєктом. Разом працювали як нові амбасадори, так і ті, хто приєднався до команди ще три роки тому. 

Що робили на заході? 

🤝 Знайомилися та шукали свій ресурс.
👥 Будували команду та кола підтримки.
📋 Планували програму амбасадорів психічного здоров'я на наступний рік.
🤔 Думали про залучення людей з розладами до формування політик у галузі психічного здоров’я.
✍️ Розробляли план реалізації нашого провідного принципу “нічого для людей з психічними розладами без їх участі”.

🟣 Що таке програма амбасадорів? 

Проєкт “Психічне здоров’я для України” зібрав спільноту небайдужих людей, які з особистого досвіду знають, що таке психічний розлад та можуть поділитись інформацією про це з іншими. Все це для того, аби створити дружнє та безпечне суспільство, вільне від стигми та дискримінації. Суспільство, де ми можемо покластися один на одного, підтримати й отримати підтримку взамін. 

🫶🏼 Станом на червень 2023 року до нашої програми долучилося понад 200 людей.

Більше про програму амбасадорів читайте тут: https://www.mh4u.in.ua/ambasador/

Проєкт «Психічне здоров'я для України» реалізується за підтримки Embassy of Switzerland in Ukraine / Посольство Швейцарії в Україні.",0,"12/20/2023 04:12",N/A,https://www.facebook.com/MH4Ukraine/posts/pfbid0oCgKZpfmq461EdUXtwNuPrVgKFLrd32ZF2r2zdaYuhCQaDuNPNnKK6PkoPNSSRXFl,0,0,Photo,,,,,Lifetime,,6813,7209,239,213,11,15,656,489,133,34,
,,,,,,,,,,,,,,,"An error occurred while computing metadata for content with ID 1060108855304716.",Lifetime,86,,,,,,,,,,,
1148816102961698,108912897259781,"Психічне здоров'я для України",,"‼️ Друзі, через непередбачувані обставини ми змушені перенести наш прямий ефір «Жити чекаючи: як родичам зниклих безвісти військових підтримати себе».

📆 Зустрінемося в суботу 23 грудня об 11:00. 

Також ефір буде доступний у записі. Тож усі, хто зареєструвався, зможуть переглянути його в зручний для себе час.

Щиро перепрошуємо за незручності!",0,"12/19/2023 08:12",N/A,https://www.facebook.com/MH4Ukraine/posts/pfbid0iWRDfokjFAm9RVu8Tn2z7JYUUQzvgK2nLoahobCP88hDe4WkceUrpM79VoYcxAJPl,0,0,Text,,,,,Lifetime,,3140,3237,57,53,0,4,23,,23,,
1148740112969297,108912897259781,"Психічне здоров'я для України",,"‼️ UPD: Друзі, через непередбачувані обставини ми змушені перенести наш прямий ефір. 

Зустрінемося в суботу об 11.00. Також ефір буде доступний у записі. Перепрошуємо за незручності. 

❤️‍🩹 Спілкування з тими, хто втратив близьку людину, часто викликає збентеження. Нам складно знайти влучні слова, щоб висловити підтримку. 

❌ Проте, є фрази, які можуть не лише не допомогти, але й ранити ще більше. Ось що не можна говорити у розмові з тим, хто проживає втрату близького 👉

🔔 Якщо ви хочете дізнатися, як коректно підтримати людину, приходьте сьогодні о 19.00 на наш прямий ефір. Ми також будемо говорити про те, як допомогти тим, чиї близькі зникли безвісти та про групи підтримки для родин військовослужбовців. 

Посилання на ефір у коментарях ⬇️

Чекаємо на вас 💜",0,"12/19/2023 06:12",N/A,https://www.facebook.com/MH4Ukraine/posts/pfbid0UpMKrySKEG8AJJeopr4T6cyQ2PoZNdAf6LZtQ9MTv9rTk9JETzny8UbM7D6YiAiUl,0,0,Photo,,,,,Lifetime,,10022,10638,244,172,8,64,979,732,247,,
1148075049702470,108912897259781,"Психічне здоров'я для України",,"💜 Завдяки нашій підтримці в Дрогобицькому районі команда проєкту ""Біля сім’ї"" допомогла 30 сім’ям, які мають дітей з інвалідністю або ж опинились у складних життєвих обставинах. Фахівці створили для них цілісну систему супроводу: соціальні, освітні послуги та супровід в сфері психічного здоров’я. 

Як результат — родини, які виховують дітей з розладами, зуміли пропрацювати власні виклики та потреби. А отже, зрозуміти: вони не залишені наодинці із своїми проблемами.

💌 Історії сімей, життя яких змінилося завдяки проєкту «Біля сім’ї», читайте на сайті УП.Життя. 

Посилання у коментарях 👇

Фото: Катя Москалюк",0,"12/18/2023 10:12",N/A,https://www.facebook.com/MH4Ukraine/posts/pfbid02sLPoMTQvAoVccVmEMYeod9pWGtjiKjsWkdaYqmHuArXGqjnCQnufZ7TsinXEFfb3l,0,0,Photo,,,,,Lifetime,,3854,4103,85,74,4,7,133,93,40,,
,,,,,,,,,,,,,,,"An error occurred while computing metadata for content with ID 1048095246469818.",Lifetime,2,,,,,,,,,,,
1146454683197840,108912897259781,"Психічне здоров'я для України",,"‼️ UPD: Друзі, через непередбачувані обставини ми змушені перенести наш прямий ефір. 

Зустрінемося в суботу об 11.00. Також ефір буде доступний у записі. Перепрошуємо за незручності. 

Під час спілкування з людиною, яка проживає втрату, ми можемо почуватись безпорадними, бо розуміємо, що вона проходить найболючіший досвід життя. 

Коли ви говорите з людиною, яка проживає втрату, дійте щиро. Якщо відчуваєте розгубленість та не можете підібрати слів, скажіть про це відкрито. В розмові немає потреби поводитись «по-особливому». Важливо не боятись бути поруч та бути відвертим.

Ось що може допомогти:

❤️‍🩹 Висловіть слова співчуття та готовності підтримати і допомогти, якщо ви справді готові. Не обіцяйте того, чого не зможете зробити. 

❤️‍🩹 Потурбуйтеся про фізичні потреби людини. Прямо спитайте, що ви можете зробити. Допоможіть людині повернути в життя рутинні справи. Передбачуваність рутини допомагає почуватися безпечніше й зменшує стрес, тривогу та безнадію. 

❤️‍🩹 Тримайте правильну фізичну дистанцію. Для цього дивіться на реакцію людини. Перед будь-яким фізичним контактом (обійми чи доторки), спитайте дозволу на це. Слідкуйте за тим, щоб людина мала час і простір побути наодинці, але не залишалася на самоті надовго.

❤️‍🩹 Долучіть людину до спільної справи. Це дасть відчуття єдності, залученості і зв’язку з іншими.  

❤️‍🩹 Розповідайте та слухайте добрі історії про людину, яка померла або вважається зниклою безвісти. 

Що не варто робити у намаганні підтримати людину, яка проживає втрату?

❌ Питати про те, що вона відчуває.
❌ Питати про обставини втрати.
❌ Жаліти.
❌ Переконувати, навіть якщо ваша думка відрізняється.
❌ Говорити довго про співчуття.
❌ Говорити про те, що ви розумієте, що людина відчуває.
❌ Питати «чому?».
❌ Проповідувати та повчати. 
❌ Надміру говорити про себе.

📅 Наступного тижня ми проведемо прямий ефір на тему невизначеної втрати. Будемо говорити про те, як родини зниклих безвісти військовослужбовців можуть підтримати себе, а суспільство — не залишатися осторонь їх втрати. 

Приєднуйтеся 19 грудня о 19:00 до прямого ефіру на нашому Youtube-каналі.

👩🏼‍🏫 Ділитися досвідом та відповідати на ваші запитання будуть представниці Metta, NGO, психотерапевтки Юлія Стадницька та Олена Муха.

Реєструйтеся на захід за посиланням у коментарях 👇

Проєкт «Психічне здоров'я для України» реалізується за підтримки Embassy of Switzerland in Ukraine / Посольство Швейцарії в Україні.",0,"12/16/2023 10:12",N/A,https://www.facebook.com/MH4Ukraine/posts/pfbid0fkCwfFvFV1R3bNh9vPMQwQWbiH3cs38FGK1f2WeuwcynYrXQE1S1Cj2VuyFtfwZjl,0,0,Photo,,,,,Lifetime,,44471,54225,2438,2030,91,317,2792,297,2492,3,
1144658020044173,108912897259781,"Психічне здоров'я для України",,"‼️ UPD: Друзі, через непередбачувані обставини ми змушені перенести наш прямий ефір. 

Зустрінемося в суботу об 11.00. Також ефір буде доступний у записі. Перепрошуємо за незручності. 

🖤 Одним із найважчих та найболючіших досвідів, який через війну переживають українські родини, є невизначена втрата. Коли людина вважається зниклою безвісті, а її близькі не мають інформації ні про її життя, ані про смерть — це ускладнює проживання горя. 

Члени сім'ї розходяться в думках про долю зниклої безвісти близької людини. Одні продовжують сподіватися на повернення, інші сприймають зниклу людину як однозначно мертву. Без фізичного доказу — аналізу ДНК або тіла для поховання — втрата для сім'ї не має кінця.

Що відбувається в сім‘ях, які проживають невизначену втрату? 

💔 Прийняття рішень відкладається, а  процеси горювання заморожуються. 

💔 Невизначеність перешкоджає пошуку сенсу, який так необхідний для подолання втрати. 

💔 Щоденні завдання залишаються невиконаними, а сімейні ролі — нез‘ясованими. 

💔 Друзі та діти часто опиняються поза увагою, а традиційні сімейні ритуали та святкування скасовуються.

📅 Наступного тижня ми проведемо прямий ефір на тему невизначеної втрати. Будемо говорити про те, як родини зниклих безвісти військовослужбовців можуть підтримати себе, а суспільство — не залишатися осторонь їх втрати.

Приєднуйтеся 19 грудня о 19:00 до прямого ефіру на нашому Youtube-каналі.

👩🏼‍🏫 Ділитися досвідом та відповідати на ваші запитання будуть представниці Metta, NGO, психотерапевтки Юлія Стадницька та Олена Муха.

Реєструйтеся на захід за посиланням у коментарях 👇

Проєкт «Психічне здоров'я для України» реалізується за підтримки Embassy of Switzerland in Ukraine / Посольство Швейцарії в Україні",0,"12/14/2023 06:12",N/A,https://www.facebook.com/MH4Ukraine/posts/pfbid024ye8hmqbi9dLKiGorVQ7d2aGTBFD9u4uzvkp3vTgV7BNvoGMWHxSXnjkWgTdaEtel,0,0,Photo,,,,,Lifetime,,16123,19966,971,781,12,178,1125,60,1063,2,
1143898660120109,108912897259781,"Психічне здоров'я для України",,"💜 Учора завдяки підтримці нашого проєкту в місті Переяслав на Київщині відкрився будинок підтриманого проживання. 

🏡 10 людей отримали змогу жити не в психоневрологічному інтернаті, а в наближених до домашніх умовах, отримуючи супровід кваліфікованих асистентів. Для людей з психічними розладами — це можливість жити максимально самостійно, навчитися дбати про себе, вести домашнє господарство, бути самозарадними та активними. Для них це, без перебільшення, шанс змінити життя.   

Будинок підтриманого проживання у Переяславі хоча й є частиною психоневрологічного інтернату, однак знаходиться в окремому невеликому будинку серед мешканців громади.  

Крім коштів на ремонтні роботи та облаштування будинку, наш проєкт допоміг:

✅ підвищити кваліфікацію працівників будинку підтриманого проживання;
✅ необхідною експертною та консультаційною підтримкою. 

🤝 Продовжуємо створювати та розвивати будинки чи квартири підтриманого проживання в громадах для гідного життя людей з психічними розладами. 

Проєкт «Психічне здоров'я для України» реалізується за підтримки Embassy of Switzerland in Ukraine / Посольство Швейцарії в Україні.",0,"12/13/2023 06:12",N/A,https://www.facebook.com/MH4Ukraine/posts/pfbid01FBqTJrT7Quueg6siKMEmmNthaiVFAay8ptgbVEUuEm3mPz1EUNPayWizerjuEhkl,0,0,Photo,,,,,Lifetime,,5559,6048,256,236,2,18,360,266,94,,
